Date,Open,High,Low,Close,Adj Close,Volume
2019-10-01,54.290001,54.900002,53.290001,53.369999,52.439857,4204900
2019-10-02,52.720001,53,51.189999,52.040001,51.133038,5131400
2019-10-03,52.040001,52.439999,51.259998,52.259998,51.349201,4079200
2019-10-04,52.16,52.990002,52.16,52.790001,51.869965,2779800
2019-10-07,53,53.450001,52.779999,53.040001,52.115604,2775100
2019-10-08,52.73,53.720001,52.41,53.029999,52.105782,3751400
2019-10-09,53.57,54.139999,53.130001,53.490002,52.557762,3698600
2019-10-10,52.700001,53.84,52.599998,53.669998,52.734623,2822400
2019-10-11,54.369999,54.610001,53.880001,53.919998,52.98027,3032800
2019-10-12,53.720001,54.299999,53.720001,54.029999,53.088348,1932800
2019-10-13,53.990002,54.779999,53.650002,54.16,53.216087,3505800
2019-10-14,54.16,54.599998,53.66,53.669998,52.734623,4356100
2019-10-15,54.049999,54.209999,53.689999,53.860001,52.921318,3872500
2019-10-16,53.869999,54.720001,53.450001,53.48,52.547939,7672900
2019-10-17,54.310001,54.310001,53.139999,53.23,52.302299,6836000
2019-10-18,53.119999,53.509998,52.290001,52.919998,51.997696,5598400
2019-10-19,52.93,53.41,52.66,53.240002,52.312122,5038300
2019-10-20,54.200001,57.099998,54,56.290001,55.308968,10462200
2019-10-21,56.07,56.799999,55.73,56.740002,55.751129,4044000
2019-10-22,56.919998,57.82,56.830002,57.639999,56.635437,5439400
2019-10-23,57.610001,57.900002,57.150002,57.209999,56.212933,3074800
2019-10-24,57.189999,57.27,56.48,57.040001,56.045895,2280500
2019-10-25,56.549999,56.639999,55.73,56.130001,55.151756,2555200
2019-11-01,56.34,56.369999,55.849998,56.259998,55.279484,2364500
2019-11-04,56.529999,56.990002,56.369999,56.98,55.986938,2368000
2019-11-05,57.16,57.98,57.009998,57.880001,56.871258,2897900
2019-11-06,57.900002,57.900002,57.040001,57.860001,56.851604,2649200
2019-11-07,58,58.5,57.860001,58.240002,57.224983,2860900
2019-11-08,58.200001,58.349998,57.889999,58.18,57.166023,2520600
2019-11-11,58.009998,58.299999,57.200001,58.259998,57.244633,3172600
2019-11-12,58.34,58.41,57.669998,57.849998,56.841778,1936000
2019-11-13,57.599998,57.84,57.450001,57.59,56.586308,1817900
2019-11-14,57.240002,57.720001,57.080002,57.630001,56.625614,1901400
2019-11-15,57.889999,58.150002,57.68,57.790001,56.782825,1647700
2019-11-18,57.68,57.799999,57.200001,57.779999,56.772999,2205200
2019-11-19,57.990002,58.049999,57.299999,57.549999,56.547005,2103400
2019-11-20,57.330002,57.490002,56.259998,56.830002,55.83955,3125800
2019-11-21,56.849998,57.07,56.540001,56.59,55.603737,2126000
2019-11-22,56.810001,57.119999,56.599998,57.009998,56.016415,1530200
2019-11-25,57.200001,57.77,56.84,57.560001,56.556831,2076400
2019-11-26,57.779999,57.889999,57.119999,57.59,56.586308,2665400
2019-11-27,57.669998,57.950001,57.389999,57.75,56.743523,1627000
2019-11-29,57.75,57.950001,57.470001,57.639999,56.635437,1098400
2019-12-02,57.599998,57.799999,56.700001,56.720001,55.731472,2977200
2019-12-03,56.200001,56.34,55.619999,55.93,54.955242,3669100
2019-12-04,56.080002,56.549999,55.759998,55.779999,54.80785,3379700
2019-12-05,56.049999,56.18,55.490002,55.529999,54.56221,2791700
2019-12-06,55.82,56.27,55.77,55.939999,54.965061,2257000
2019-12-09,55.810001,55.939999,55.41,55.470001,54.503258,2553700
2019-12-10,55.290001,55.580002,54.759998,54.91,54.128666,2785000
2019-12-11,54.540001,54.849998,53.810001,54,53.231609,4881300
2019-12-12,54.459999,55.419998,54.16,54.490002,53.714642,4054800
2019-12-13,54.34,54.849998,54.130001,54.150002,53.379478,2705400
2019-12-16,54.549999,54.93,54.34,54.349998,53.57663,3293900
2019-12-17,54.299999,55.110001,54.02,54.18,53.40905,3965600
2019-12-18,54.349998,54.540001,53.43,53.599998,52.837299,3930600
2019-12-19,53.509998,54.200001,53.509998,54.080002,53.310474,3833800
2019-12-20,54.279999,54.700001,54.009998,54.630001,53.852646,7819700
2019-12-23,54.810001,56.09,54.669998,55.25,54.463825,7845800
2019-12-24,55.27,55.32,54.669998,54.939999,54.158237,1326400
2019-12-26,54.939999,55.34,54.599998,54.900002,54.118805,1930800
2019-12-27,54.970001,55,54.060001,54.32,53.547062,3348200
2019-12-30,54.32,54.400002,53.82,54.080002,53.310474,2696300
2019-12-31,54.040001,54.119999,53.82,53.98,53.211895,2881100
2020-01-02,54.380001,54.869999,54.290001,54.84,54.059658,3713000
2020-01-03,53.599998,54.419998,53.040001,54.349998,53.57663,3536100
2020-01-06,53.689999,54.560001,53.48,54.130001,53.359764,4200300
2020-01-07,54.330002,54.400002,53.880001,54.290001,53.517487,2997600
2020-01-08,53.68,54.66,53.639999,54.369999,53.596348,4103100
2020-01-09,54.5,54.82,54.200001,54.299999,53.52734,3850700
2020-01-10,54.349998,54.400002,53.689999,53.939999,53.172466,4051400
2020-01-13,53.939999,54.080002,53.610001,53.990002,53.221756,3958600
2020-01-14,54.580002,55.18,54.34,54.490002,53.714642,5007400
2020-01-15,54.290001,55.099998,54.119999,55.029999,54.246952,4097100
2020-01-16,55.380001,55.68,55.080002,55.299999,54.513111,2950500
2020-01-17,55.41,55.490002,54.759998,55.009998,54.227238,3999900
2020-01-21,54.630001,55.07,53.18,53.540001,52.77816,6753500
2020-01-22,53.900002,54.279999,53.459999,53.48,52.719009,5303600
2020-01-23,53,55.459999,51.849998,55.400002,54.611694,6784500
2020-01-24,55.610001,56.560001,54.959999,56.549999,55.745327,7995100
2020-01-27,55.23,56.66,55.150002,56.25,55.449596,8275100
2020-01-28,56.59,57.73,56.389999,57.599998,56.780384,6242300
2020-01-29,57.75,58.189999,56.82,56.889999,56.08049,6666000
2020-01-30,55.310001,56.470001,55.220001,55.830002,55.035572,5129600
2020-01-31,55.619999,55.919998,54.630001,54.98,54.197666,5552100
2020-02-03,55.41,55.73,54.689999,55.220001,54.434254,4071100
2020-02-04,55.990002,56.369999,55.5,55.68,54.887707,3619400
2020-02-05,56.43,57.23,56.119999,56.950001,56.139637,3162700
2020-02-06,57.380001,58.009998,57.080002,57.720001,56.898682,4332000
2020-02-07,57.459999,57.709999,56.990002,57.259998,56.445221,2703600
2020-02-10,57.200001,57.490002,56.529999,57.419998,56.602947,2882100
2020-02-11,57.82,58.59,57.59,57.93,57.10569,2848600
2020-02-12,58.27,58.66,58,58.48,57.647861,2234200
2020-02-13,58.060001,58.689999,57.849998,58.540001,57.707008,2401800
2020-02-14,58.68,58.830002,57.889999,57.970001,57.145123,2481800
2020-02-18,58,58.34,57.380001,57.599998,56.780384,3086600
2020-02-19,57.68,57.740002,57.060001,57.110001,56.297359,2135100
2020-02-20,57.040001,57.509998,56.709999,56.939999,56.12978,2924800
2020-02-21,56.529999,56.799999,55.459999,56.529999,55.725613,2324600
2020-02-24,54.869999,54.990002,53.349998,54.110001,53.34005,7538400
2020-02-25,54.41,54.5,49.549999,49.66,48.953369,9351700
2020-02-26,50.09,50.48,48.080002,48.900002,48.204182,9286300
2020-02-27,47.150002,49.209999,45.639999,46.630001,45.966484,10355900
2020-02-28,45.07,46.77,44.98,46.189999,45.532742,11851000
2020-03-02,46.540001,47.18,44.34,46.950001,46.281933,9043200
2020-03-03,47.540001,48.389999,45.049999,45.209999,44.738209,7338100
2020-03-04,45.889999,47.07,44.860001,46.93,46.440262,8990300
2020-03-05,45.060001,45.700001,44.18,45.25,44.777794,10774800
2020-03-06,43.560001,46.799999,42.720001,45.73,45.252785,10708100
2020-03-09,42.889999,45.610001,42.720001,43.619999,43.164803,9602300
2020-03-10,45.279999,45.849998,42.509998,45.560001,45.08456,9366900
2020-03-11,43.990002,44.380001,41.630001,42.490002,42.046597,10508900
2020-03-12,39.330002,40.599998,35.610001,36.07,35.693588,16353400
2020-03-13,39.189999,41.279999,36.310001,41.279999,40.849224,14308800
2020-03-16,36.5,39.450001,35.849998,37.52,37.12846,15849900
2020-03-17,38.209999,40.689999,36,38.25,37.850842,8133500
2020-03-18,35.779999,36.419998,29.15,35.150002,34.783192,14219600
2020-03-19,34.650002,35.049999,30.5,30.860001,30.53796,18052600
2020-03-20,32.060001,33.950001,29.65,31.940001,31.606689,12617900
2020-03-23,31.690001,34.490002,30.25,33.73,33.37801,9616800
2020-03-24,38.200001,39.130001,36.049999,37.66,37.266998,12803100
2020-03-25,41.52,41.73,37.310001,39.400002,38.988842,16346700
2020-03-26,40.900002,43.560001,40.060001,41.23,40.799744,8986300
2020-03-27,39.84,40.139999,36.099998,36.380001,36.000355,8297400
2020-03-30,35.52,37.150002,34.5,35.099998,34.733711,7443300
2020-03-31,35.27,37.470001,34.950001,35.610001,35.238392,7794100
2020-04-01,34.049999,34.200001,31.809999,32.040001,31.705647,8545900
2020-04-02,32.110001,32.84,30.870001,31.5,31.171282,7853500
2020-04-03,31.33,31.879999,29.73,30.540001,30.2213,9915900
2020-04-06,31.790001,31.959999,30,30.700001,30.379629,13833000
2020-04-07,33.84,35.43,32.32,32.77,32.428028,14036100
2020-04-08,33.560001,34.779999,32.630001,34.299999,33.942059,8923800
2020-04-09,36.299999,37.310001,35.130001,36.470001,36.089417,10338100
2020-04-13,36.720001,36.720001,33.75,34.259998,33.902477,9067500
2020-04-14,35.169998,36.049999,34.709999,34.779999,34.417053,8860200
2020-04-15,35.150002,35.259998,32.52,32.82,32.477505,20028700
2020-04-16,32.119999,32.349998,30.200001,30.68,30.359838,17862300
2020-04-17,32.5,32.950001,30.9,31.190001,30.864517,20139900
2020-04-20,30.639999,31.48,29.51,31.059999,30.735872,14553900
2020-04-21,30.049999,31.23,29.6,30.110001,29.795786,12562700
2020-04-22,30.629999,30.809999,28.799999,29.709999,29.399961,15676500
2020-04-23,29.809999,30.780001,29.59,30.139999,29.825474,11631600
2020-04-24,30.200001,30.43,28.799999,29.33,29.023926,15077600
2020-04-27,29.790001,29.91,28.85,29.110001,28.806223,14224500
2020-04-28,29.120001,30.48,28.25,29.690001,29.380169,54153900
2020-04-29,29.49,31.799999,29.43,30.969999,30.646811,101007800
2020-04-30,30.709999,31.690001,30.18,31.25,30.923891,62444700
2020-05-01,30.5,30.959999,28.75,29.23,28.924969,36353800
2020-05-04,27.23,27.940001,26.5,27.559999,27.272396,43447700
2020-05-05,28.07,28.129999,26.18,26.42,26.144293,36676900
2020-05-06,26.549999,26.74,24.77,24.93,24.669844,36971800
2020-05-07,24.99,26.27,24.950001,25.450001,25.184418,24535900
2020-05-08,26.040001,27.23,25.91,27.200001,26.916155,19120400
2020-05-11,26.620001,26.860001,25.780001,26.09,25.817738,20841500
2020-05-12,26.190001,26.620001,25.139999,25.24,24.976608,16904400
2020-05-13,25.02,25.1,23.52,24,23.749548,22892500
2020-05-14,23.379999,24.809999,22.469999,24.780001,24.521408,23187200
2020-05-15,24.370001,24.870001,23.75,23.870001,23.620905,18679800
2020-05-18,25.75,27.24,25.549999,27.09,26.807302,27148700
2020-05-19,28.5,28.85,26.93,27.690001,27.401041,35768200
2020-05-20,28.469999,29.33,28.17,29.15,28.845804,27249000
2020-05-21,29.309999,30.120001,29.02,29.6,29.291107,22166500
2020-05-22,29.76,29.98,28.309999,28.870001,28.568727,17558200
2020-05-26,31.709999,32.939999,31.440001,32.52,32.180637,41232500
2020-05-27,34.900002,35.16,31.4,33.66,33.308739,44902300
2020-05-28,33.900002,34.099998,32.34,32.549999,32.210323,24743000
2020-05-29,31.48,32.82,31.200001,32.099998,31.765018,19741300
2020-06-01,32.299999,34.400002,32.16,33.619999,33.269157,20812800
2020-06-02,34.860001,35.200001,34.029999,34.48,34.120182,22875700
2020-06-03,35.07,36.950001,34.900002,36.419998,36.039936,26644900
2020-06-04,37.790001,39.759998,36.599998,38.27,37.870632,54234500
2020-06-05,41.98,42.349998,37.57,38.18,37.78157,54289300
2020-06-08,40.139999,40.610001,38.700001,40.59,40.166424,31341000
2020-06-09,38.360001,38.810001,36.580002,38.009998,37.613342,26724400
2020-06-10,36.009998,38.200001,34.759998,37.139999,36.752422,37974200
2020-06-11,32.939999,35.169998,32.5,32.830002,32.487404,28557000
2020-06-12,36.060001,36.990002,34.310001,35.869999,35.495674,26920400
2020-06-15,33.799999,36.919998,33.610001,36.34,35.960773,23794700
2020-06-16,38.509998,38.630001,35.52,36.57,36.188374,30327500
2020-06-17,36.240002,36.799999,35.669998,36.310001,35.931087,18721000
2020-06-18,35.650002,36.57,35.41,35.849998,35.475883,13810100
2020-06-19,36.57,36.610001,33.950001,34.549999,34.189453,20499000
2020-06-22,34.029999,34.82,33.639999,34.360001,34.001438,14395700
2020-06-23,34.779999,34.799999,33.849998,34.75,34.387367,15215000
2020-06-24,34,34.27,32.23,32.25,31.913456,19031700
2020-06-25,31.190001,33.060001,30.940001,32.970001,32.625942,18182600
2020-06-26,33.130001,33.150002,31.18,31.959999,31.62648,23962000
2020-06-29,33.150002,35.360001,32.330002,35.040001,34.674339,25720800
2020-06-30,34.98,34.990002,33.57,34.18,33.823315,18758400
2020-07-01,35.290001,35.599998,33.669998,33.810001,33.457176,16127000
2020-07-02,34.700001,34.919998,33.959999,34.119999,33.763939,12300600
2020-07-06,34.720001,34.880001,33.150002,34.299999,33.942059,16454900
2020-07-07,33.490002,33.540001,32.939999,33.009998,32.66552,10922100
2020-07-08,32.560001,33.470001,32.07,32.889999,32.546776,16028400
2020-07-09,32.470001,32.73,31.299999,31.57,31.240551,17209500
2020-07-10,31.16,33.349998,31.16,33.220001,32.873333,14939500
2020-07-13,33.419998,33.529999,32.27,32.639999,32.299385,15503400
2020-07-14,31.84,33.380001,31.75,33.25,32.903019,11588800
2020-07-15,35.029999,36.099998,34.27,35.75,35.37693,21286100
2020-07-16,34.830002,35.080002,33.900002,34.209999,33.852997,11389900
2020-07-17,34.07,34.52,33.82,34.130001,33.773838,7775600
2020-07-20,33.970001,34.299999,32.73,32.98,32.635838,12541800
2020-07-21,33.330002,34.16,33.25,33.619999,33.269157,11922600
2020-07-22,33.5,33.91,33.049999,33.299999,32.952496,10424000
2020-07-23,32.75,34.16,32.060001,32.790001,32.447819,22888500
2020-07-24,32.310001,32.450001,31.57,31.66,31.329613,14976700
2020-07-27,31.57,31.93,31.24,31.530001,31.200968,9759000
2020-07-28,31.51,32.669998,31.48,32.290001,31.953037,10257600
2020-07-29,32.580002,32.630001,31.48,31.790001,31.458256,11150800
2020-07-30,31.33,31.65,30.77,30.959999,30.636915,12316500
2020-07-31,30.799999,31.02,30.24,30.889999,30.567646,11115400
2020-08-03,30.75,32.150002,30.299999,31.58,31.250446,13462200
2020-08-04,31.700001,32.27,31.379999,31.4,31.072325,12116700
2020-08-05,31.9,33.200001,31.790001,32.720001,32.378551,14899600
2020-08-06,33.259998,33.349998,32.32,33.02,32.675419,15007900
2020-08-07,32.84,33.299999,32.689999,33.279999,32.932705,9381200
2020-08-10,33.650002,35.150002,33.549999,34.990002,34.624863,15958000
2020-08-11,36.610001,37.439999,35.07,35.290001,34.921734,21870300
2020-08-12,35.830002,36.080002,34.360001,35.25,34.882145,13003000
2020-08-13,34.709999,35.700001,34.619999,34.709999,34.347782,8576800
2020-08-14,34.299999,35.130001,34.200001,34.900002,34.535801,7373400
2020-08-17,35.060001,35.18,33.790001,33.810001,33.457176,8113500
2020-08-18,33.82,34.25,33.540001,34.16,33.803524,7256100
2020-08-19,34.91,35.779999,34.150002,34.27,33.912376,14959400
2020-08-20,33.650002,34.580002,33.48,34.459999,34.100391,9149300
2020-08-21,34.299999,35.189999,34.279999,34.689999,34.327991,11435500
2020-08-24,35.290001,36.939999,34.959999,36.91,36.524826,15211900
2020-08-25,37.43,37.5,36.34,37.060001,36.67326,11774000
2020-08-26,36.91,37.07,36.330002,36.380001,36.000355,7938200
2020-08-27,37.540001,38.880001,37.310001,37.650002,37.257103,14342500
2020-08-28,38.110001,39.060001,37.59,38.810001,38.404999,14082600
2020-08-31,38.75,38.810001,37.580002,37.580002,37.187832,9824300
2020-09-01,36.84,38.669998,36.560001,37.91,37.514389,10868600
2020-09-02,38.57,39.34,37.68,39.169998,38.761238,11157400
2020-09-03,39.279999,40.66,37.849998,38.740002,38.335728,16721400
2020-09-04,39.189999,40.07,38.060001,39.389999,38.978947,15543400
2020-09-08,39.18,40.799999,39.18,40.5,40.077362,15808600
2020-09-09,40.09,40.439999,38.810001,39.220001,38.810719,12211500
2020-09-10,39.52,39.950001,38.869999,38.939999,38.533638,9024800
2020-09-11,39.049999,39.41,38.68,38.950001,38.543537,8044900
2020-09-14,39.349998,40.25,39.060001,40.060001,39.641956,9680700
2020-09-15,40.259998,40.98,40.099998,40.610001,40.186214,10131200
2020-09-16,40.52,42.880001,40.279999,42.099998,41.660664,19842600
2020-09-17,41.310001,42,40.09,40.400002,39.978405,15234600
2020-09-18,39.77,40.509998,39.310001,39.830002,39.414356,21206300
2020-09-21,38.049999,38.470001,36.75,37.52,37.12846,14266900
2020-09-22,37.349998,38.200001,37.110001,38.119999,37.722198,10740000
2020-09-23,38.389999,39.279999,37.48,37.549999,37.158146,6797500
2020-09-24,37.029999,37.419998,35.82,36.860001,36.475349,10798800
2020-09-25,36.41,37.279999,36.310001,37.099998,36.712841,9297300
2020-09-28,38.07,39.110001,37.57,38.240002,37.84095,9235200
2020-09-29,38.049999,38.049999,37.189999,37.610001,37.217522,5232400
2020-09-30,38.330002,39.080002,37.400002,37.5,37.108669,10144900
2020-10-01,37.959999,38.259998,37.389999,37.93,37.534184,8186800
2020-10-02,36.139999,39.32,36.049999,38.759998,38.355518,11937400
2020-10-05,39.16,39.240002,38.169998,38.490002,38.088337,9304300
2020-10-06,38.970001,39.34,37.529999,37.580002,37.187832,10136000
2020-10-07,38,38.740002,37.709999,38.59,38.187294,8679300
2020-10-08,39,39.599998,38.029999,38.990002,38.583122,9138800
2020-10-09,38.939999,39.799999,38.599998,39.73,39.315395,10501800
2020-10-12,39.490002,39.889999,39.049999,39.189999,38.781033,7378500
2020-10-13,38.700001,39.439999,38.580002,39.130001,38.721657,8839400
2020-10-14,39.25,39.990002,39.16,39.25,38.840405,6905300
2020-10-15,38.650002,38.900002,38.139999,38.799999,38.3951,4492700
2020-10-16,39.029999,39.889999,39.009998,39.68,39.265919,7333400
2020-10-19,40,40.75,39.57,39.849998,39.434143,8592200
2020-10-20,40.5,40.900002,40.080002,40.16,39.74091,7203900
2020-10-21,40,40.169998,39.529999,39.84,39.424248,6532600
2020-10-22,40.130001,42.549999,40.080002,41.93,41.492439,13663900
2020-10-23,42.040001,43.389999,41.529999,42.790001,42.343464,12518700
2020-10-26,42.080002,42.48,40.400002,41.099998,40.671101,9712900
2020-10-27,40.700001,41.02,39.779999,39.93,39.513309,6525100
2020-10-28,38.869999,39.380001,37.48,38.139999,37.741989,12101000
2020-10-29,38.09,39.869999,37.950001,39.57,39.157066,8383600
2020-10-30,39.389999,40.200001,38.98,39.529999,39.117481,11253900
2020-11-02,39.93,39.939999,37.950001,38.400002,37.999275,11362000
2020-11-03,39.23,39.400002,38.669998,38.849998,38.444576,7275300
2020-11-04,38.849998,39.650002,38.049999,38.93,38.523743,8999900
2020-11-05,39.439999,41.25,39.380001,41.049999,40.62162,8070200
2020-11-06,40.740002,40.93,39.77,40.009998,39.592472,5993300
2020-11-09,46.849998,49.470001,43.790001,43.889999,43.431984,30140200
2020-11-10,43.880001,45.119999,43.330002,44.810001,44.342384,16842600
2020-11-11,44.900002,44.91,42.66,43.220001,42.768978,10332700
2020-11-12,41.779999,43.279999,41.400002,41.919998,41.482544,11046100
2020-11-13,42.169998,44.150002,42.110001,43.880001,43.422089,7828700
2020-11-16,46.060001,46.200001,44.540001,45.580002,45.104351,14330000
2020-11-17,44.860001,46.240002,44.43,45.66,45.183514,8384500
2020-11-18,46.82,47.279999,45.599998,45.599998,45.124138,11424700
2020-11-19,45.529999,46.459999,45.41,46.080002,45.599133,6628600
2020-11-20,46.049999,46.049999,45.040001,45.540001,45.064766,6587800
2020-11-23,46.110001,46.950001,45.279999,46.810001,46.321514,10113000
2020-11-24,48.900002,49.23,47.650002,48.25,47.746487,12108800
2020-11-25,48.470001,48.57,47.5,48.27,47.766277,7281800
2020-11-27,48.25,48.740002,47.650002,47.73,47.231915,4051900
2020-11-30,47.650002,47.700001,46.040001,46.34,45.856415,8791500
2020-12-01,46.549999,48.09,46.5,47.27,46.776711,7540000
2020-12-02,46.880001,47.759998,46.459999,47.439999,46.944939,6054700
2020-12-03,47.950001,49.529999,47.66,47.82,47.320976,9892200
2020-12-04,48.369999,48.790001,47.07,47.59,47.093372,7615800
2020-12-07,48.34,48.43,47.509998,47.889999,47.39024,8097400
2020-12-08,47.299999,47.93,47.060001,47.279999,46.786606,9132100
2020-12-09,47.34,47.540001,45.25,45.759998,45.282471,20733700
2020-12-10,45.09,47,45.02,46.799999,46.311619,8322900
2020-12-11,46,46.59,45.16,45.880001,45.401218,7638000
2020-12-14,46.580002,46.599998,45.240002,45.259998,44.787685,6939700
2020-12-15,45.68,46.490002,44.950001,46.419998,45.935581,5969900
2020-12-16,46.419998,46.419998,45.27,45.73,45.252785,6441800
2020-12-17,45.799999,46.400002,45.450001,46.389999,45.905895,6368700
2020-12-18,46.220001,46.34,45.66,46.029999,45.549652,8398100
2020-12-21,44.759998,46.130001,44.450001,45.799999,45.322052,7656900
2020-12-22,46,46.150002,44.98,45.32,44.847061,4546200
2020-12-23,45.470001,47.099998,45.470001,46.75,46.262138,6474200
2020-12-24,47,47.09,45.810001,46.279999,45.797043,2973400
2020-12-28,46.869999,47.169998,46.110001,46.119999,45.63871,5476600
2020-12-29,46.349998,46.77,45.970001,46.150002,45.668404,4749500
2020-12-30,46.209999,46.93,46.130001,46.41,45.925686,4845600
2020-12-31,46.18,46.779999,45.68,46.610001,46.1236,5305600
2021-01-04,46.48,46.540001,44.560001,45.040001,44.569984,10256300
2021-01-05,44.900002,46.119999,44.84,45.639999,45.163723,5204400
2021-01-06,45.5,46.970001,45.369999,46.75,46.262138,7492800
2021-01-07,46.75,47.84,46.73,47.330002,46.83609,6282300
2021-01-08,47.639999,47.939999,46.709999,46.98,46.489738,4770600
2021-01-11,46.509998,48.040001,46.119999,47.439999,46.944939,7911800
2021-01-12,47.700001,48.48,47.279999,48.130001,47.627739,5356800
2021-01-13,47.889999,48.43,47.48,47.990002,47.489201,6261900
2021-01-14,48.650002,49.470001,48.439999,48.82,48.310539,8090600
2021-01-15,48.580002,48.709999,46.639999,46.66,46.17308,7359100
2021-01-19,47.200001,47.650002,46.759998,46.91,46.420471,4780700
2021-01-20,47.099998,48.450001,46.900002,48.209999,47.706902,6972500
2021-01-21,47.75,47.939999,47.119999,47.77,47.271496,5662600
2021-01-22,47.18,47.75,47.07,47.389999,46.895458,4812500
2021-01-25,47.279999,47.34,45.169998,45.619999,45.143932,13345700
2021-01-26,45.75,46.220001,45.599998,45.810001,45.331947,5667200
2021-01-27,45.25,45.700001,43.869999,44.150002,43.689274,10428700
2021-01-28,45.16,46.25,44.330002,44.599998,44.134575,12404600
2021-01-29,44.25,44.950001,43.720001,43.939999,43.481464,9854900
2021-02-01,44.34,45.189999,44.09,44.790001,44.322594,5861200
2021-02-02,45.599998,46.18,45.349998,45.619999,45.143932,6203500
2021-02-03,45.599998,46.869999,45.5,46.549999,46.064224,6118700
2021-02-04,46.790001,49.18,46.709999,49.130001,48.617306,10621700
2021-02-05,49.759998,50.889999,49.110001,50.049999,49.527702,10472600
2021-02-08,50.52,53.290001,50.209999,52.240002,51.694847,11359100
2021-02-09,51.529999,51.75,50.529999,51.18,50.645908,5409800
2021-02-10,51.5,52.34,51.16,51.279999,50.744865,7570800
2021-02-11,51.02,51.48,50.34,51.419998,50.883404,5240300
2021-02-12,51.299999,51.84,50.970001,51.34,50.804241,4660000
2021-02-16,51.810001,52.02,50.82,51.959999,51.41777,7402600
2021-02-17,51.700001,52.529999,51.209999,52.439999,51.892757,6255300
2021-02-18,51.93,52.200001,50.970001,51.950001,51.407875,5030900
2021-02-19,52.23,53.84,52.099998,52.810001,52.258904,6334600
2021-02-22,54.029999,55.740002,53.290001,54.790001,54.218239,11268100
2021-02-23,56.200001,57.419998,54.310001,56.720001,56.128098,13654500
2021-02-24,57.599998,59.639999,57.380001,59.290001,58.671276,14871700
2021-02-25,59.150002,59.259998,57.080002,58.310001,57.701508,16988200
2021-02-26,57.419998,58.689999,57,58.130001,57.523384,9763300
2021-03-01,59.549999,59.84,57.669998,58.060001,57.454117,11350700
2021-03-02,57.700001,58.400002,57.220001,57.810001,57.206722,6558200
2021-03-03,58.470001,58.669998,57.599998,57.82,57.216618,8552500
2021-03-04,57.720001,57.880001,54.259998,56.080002,55.494778,12853300
2021-03-05,56.360001,57.130001,52.290001,56.919998,56.326008,11420700
2021-03-08,58.009998,60.700001,57.549999,60.549999,59.918129,15098100
2021-03-09,60.169998,60.25,58.200001,58.93,58.315037,7309900
2021-03-10,58.799999,59.689999,57.959999,58.509998,57.899418,6449400
2021-03-11,58.93,59.43,58.130001,58.470001,57.859837,7295300
2021-03-12,58.41,61.16,58.299999,61.029999,60.39312,10182800
2021-03-15,62.049999,62.759998,60.82,62.099998,61.451954,11155700
2021-03-16,62.259998,62.299999,60.529999,60.540001,59.908234,5928500
2021-03-17,60.099998,61.939999,60.099998,61.77,61.125401,6268900
2021-03-18,61.630001,62.279999,60.810001,60.939999,60.304058,8020500
2021-03-19,60.650002,61.48,59.630001,61.049999,60.41291,9363800
2021-03-22,60.529999,60.950001,59.419998,59.459999,58.839504,8093400
2021-03-23,59,60.380001,57.060001,57.619999,57.018703,9849900
2021-03-24,58.59,59.66,57.689999,57.700001,57.09787,6733400
2021-03-25,56.610001,59.959999,56.419998,59.91,59.284805,6826300
2021-03-26,60.450001,61.419998,59.790001,61.290001,60.650406,6463100
2021-03-29,61.869999,62.369999,60.369999,60.959999,60.323849,7357000
2021-03-30,61.150002,62.220001,61.060001,61.91,61.263935,5999900
2021-03-31,61.630001,61.990002,60.950001,61.060001,60.42281,5721000
2021-04-01,61.27,61.560001,60.759998,61.299999,60.660301,4975200
2021-04-05,62.450001,64.32,62.23,62.970001,62.312874,7378100
2021-04-06,63.5,64.639999,63.240002,64.099998,63.43108,5777900
2021-04-07,63.900002,64.139999,62.959999,63.52,62.857136,4320500
2021-04-08,63.119999,63.490002,62.029999,63.459999,62.79776,5206900
2021-04-09,63.299999,63.580002,62.52,63.419998,62.758175,4086400
2021-04-12,63.290001,63.34,61.959999,62.66,62.006107,4537900
2021-04-13,61.849998,63.439999,60.630001,63.23,62.570164,8635400
2021-04-14,64.190002,64.75,62.790001,63.029999,62.37225,6035000
2021-04-15,63.43,63.529999,62.130001,62.939999,62.283188,5148900
2021-04-16,63.23,63.41,62.049999,62.389999,61.73893,5082900
2021-04-19,62.290001,62.369999,61.380001,62.029999,61.382683,4855000
2021-04-20,61.07,61.169998,59.259998,59.849998,59.225433,6112500
2021-04-21,59.619999,62.07,58.91,62.040001,61.392578,7307100
2021-04-22,63,63.700001,61.009998,61.07,60.432701,9786200
2021-04-23,61.310001,61.799999,60.75,61.529999,60.887901,5019800
2021-04-26,62.130001,62.880001,61.439999,61.970001,61.323315,4953900
2021-04-27,61.970001,62.52,61.360001,62.400002,61.748825,4435000
2021-04-28,62.09,62.5,61.59,61.77,61.125401,4457300
2021-04-29,62.130001,62.650002,61.740002,62.27,61.620182,4105400
2021-04-30,61.900002,63.040001,61.799999,62.779999,62.124855,4676800
2021-05-03,63.009998,63.07,61.650002,62.150002,61.501431,4133600
2021-05-04,61.720001,62.029999,60.099998,60.82,60.18531,6293500
2021-05-05,60.77,61.84,60.389999,60.830002,60.19521,7451300
2021-05-06,60.970001,61.220001,59.849998,60.689999,60.056667,4452800
2021-05-07,60.68,62.150002,60.450001,61.66,61.016548,5174700
2021-05-10,61.849998,62.34,61.330002,61.349998,60.709782,4178600
2021-05-11,60.099998,60.720001,58.790001,59.779999,59.156162,6483100
2021-05-12,59.470001,60.380001,58.080002,58.209999,57.602547,5999400
2021-05-13,58.970001,60.400002,58.639999,59.93,59.3046,5562600
2021-05-14,60.709999,62.580002,60.450001,62.299999,61.649868,8033100
2021-05-17,62.25,62.439999,61.119999,62.099998,61.451954,5955100
2021-05-18,62.389999,63.68,61.830002,62.07,61.422268,5298300
2021-05-19,61,61.18,59.560001,60.389999,59.7598,8732100
2021-05-20,60.919998,60.919998,59.290001,59.919998,59.294701,7798300
2021-05-21,60.259998,60.599998,59.970001,60.09,59.462929,4885800
2021-05-24,60.459999,61.049999,59.810001,60.68,60.046772,4038100
2021-05-25,61.709999,62.389999,60.470001,60.549999,59.918129,7029200
2021-05-26,60.75,61.34,60.43,61.209999,60.571243,4526600
2021-05-27,61.610001,61.799999,61.07,61.73,61.085812,4437900
2021-05-28,61.630001,61.77,61.080002,61.459999,60.818634,3517100
2021-06-01,61.939999,62.259998,61.09,61.349998,60.709782,5313700
2021-06-02,61.68,61.919998,60.610001,60.869999,60.234787,5327800
2021-06-03,60.16,60.34,58.139999,58.259998,57.652027,9963500
2021-06-04,58.639999,58.849998,57.91,58.549999,57.938999,5000900
2021-06-07,58.689999,58.919998,57.919998,58.279999,57.671818,4756800
2021-06-08,58.860001,59.299999,58.310001,58.900002,58.285351,4830000
2021-06-09,59,59.169998,58.200001,58.419998,57.810356,4740100
2021-06-10,58.849998,59.139999,57.470001,57.5,56.899956,4570600
2021-06-11,57.439999,58.060001,57.41,57.57,56.969227,5059600
2021-06-14,57.5,58.07,56.93,57.279999,56.682251,4908300
2021-06-15,57.459999,57.849998,56.77,57.119999,56.523922,6430700
2021-06-16,57.060001,57.490002,56.330002,56.669998,56.078617,5947700
2021-06-17,56.779999,57.139999,55.049999,55.57,54.990097,8334200
2021-06-18,55,55.689999,54.669998,55.189999,54.614059,8798300
2021-06-21,55.299999,56.470001,55.290001,56.299999,55.712479,5470100
2021-06-22,56.099998,56.32,55.41,55.75,55.168221,4694100
2021-06-23,55.5,55.720001,54.98,55.189999,54.614059,6157800
2021-06-24,55.529999,55.619999,54.619999,54.66,54.089592,8134800
2021-06-25,54.689999,54.869999,54.23,54.549999,53.98074,6555800
2021-06-28,54.25,54.25,52.860001,53.23,52.674519,8319700
2021-06-29,52.959999,53.720001,52.549999,52.919998,52.367752,8078100
2021-06-30,53.099998,53.560001,52.84,53.09,52.53598,6859900
2021-07-01,53.599998,54.389999,53.34,53.860001,53.297943,7113800
2021-07-02,53.98,54.040001,53.310001,53.66,53.100029,6747600
2021-07-06,53.759998,54.009998,52.139999,52.360001,51.813599,7819300
2021-07-07,52.290001,52.669998,51.119999,51.380001,50.843822,9116600
2021-07-08,50.5,51.91,50.099998,51.189999,50.655804,8425500
2021-07-09,52,52.970001,51.779999,52.84,52.288586,6773900
2021-07-12,52.700001,53.080002,51.720001,52.98,52.427124,6919800
2021-07-13,52.5,52.630001,51.5,51.57,51.031841,6646800
2021-07-14,52.34,52.580002,51.57,51.98,51.437561,8445300
2021-07-15,51.650002,52.459999,51.369999,51.779999,51.239647,6245400
2021-07-16,52.130001,52.25,49.700001,49.91,49.38916,8234900
2021-07-19,48.040001,48.959999,47.369999,48.5,47.993877,15481100
2021-07-20,48.860001,51.59,48.560001,51.43,50.893303,12772800
2021-07-21,52.09,53.52,52.080002,53.130001,52.575562,13951600
2021-07-22,52.099998,52.27,50.84,51.290001,50.754761,14707500
2021-07-23,51.419998,52.009998,50.560001,50.700001,50.170921,8826500
2021-07-26,50.380001,51.849998,50.380001,51.779999,51.239647,6376700
2021-07-27,51.52,51.759998,50.740002,51.150002,50.616222,4807300
2021-07-28,51.48,52.119999,50.799999,51.759998,51.219856,6798800
2021-07-29,52.18,52.400002,51.540001,51.549999,51.012047,5902100
2021-07-30,51.040001,51.759998,50.380001,50.52,49.992798,6562200
2021-08-02,50.599998,51.509998,49.650002,49.740002,49.22094,7399000
2021-08-03,49.84,50.66,49.110001,50.650002,50.121441,6208000
2021-08-04,49.810001,50.189999,48.5,48.900002,48.389706,11491500
2021-08-05,49.099998,50.759998,49.049999,50.450001,49.923527,6904000
2021-08-06,51.139999,51.169998,50.060001,50.720001,50.190712,5065900
2021-08-09,50.099998,50.130001,48.93,49.709999,49.191246,5649800
2021-08-10,49.799999,51.630001,49.610001,51.110001,50.576641,5503200
2021-08-11,49.860001,51.970001,49.77,51.84,51.299023,8714900
2021-08-12,51.419998,51.57,50.57,50.990002,50.457897,5739800
2021-08-13,50.900002,51.049999,50.290001,50.41,49.883945,4979700
2021-08-16,50,50.450001,49.470001,50.110001,49.587074,5784000
2021-08-17,49.349998,49.419998,48.139999,48.73,48.221478,7226900
2021-08-18,48.560001,49.470001,48.330002,48.439999,47.934502,6526600
2021-08-19,48.18,48.380001,46.950001,47.459999,46.964729,7762100
2021-08-20,47.299999,47.900002,47.290001,47.360001,46.865772,5193200
2021-08-23,48.130001,48.950001,48.029999,48.709999,48.201683,9345800
2021-08-24,49.5,51.099998,49.5,50.810001,50.279774,8703100
2021-08-25,50.84,52.02,50.330002,51.25,50.715179,8039500
2021-08-26,50.93,51.299999,49.830002,50.27,49.745407,5779400
2021-08-27,50.310001,51.34,50.310001,50.880001,50.349045,5940900
2021-08-30,51.029999,51.130001,49.110001,49.169998,48.656883,6216300
2021-08-31,49.02,50.029999,48.889999,49.779999,49.260517,6431200
2021-09-01,50,50.110001,49.419998,49.549999,49.032921,4509200
2021-09-02,49.560001,50.16,49.040001,49.599998,49.082394,4966700
2021-09-03,49.34,49.82,48.669998,48.860001,48.350121,5201800
2021-09-07,48.360001,48.740002,47.990002,48.529999,48.023563,6474400
2021-09-08,48.759998,49.380001,48.09,48.119999,47.61784,4901900
2021-09-09,47.91,50.189999,47.82,49.23,48.716259,7098200
2021-09-10,49.380001,49.419998,47.869999,47.900002,47.400139,6585100
2021-09-13,48.529999,49.07,47.490002,48.73,48.221478,5511900
2021-09-14,48.529999,48.959999,47.73,48.029999,47.528782,4827500
2021-09-15,48.099998,48.490002,47.34,48.459999,47.954296,4800100
2021-09-16,48.880001,49.52,48.599998,49.119999,48.607407,5701300
2021-09-17,49.389999,49.830002,48.57,49.080002,48.567825,7289500
2021-09-20,48.830002,49.639999,47.919998,49.580002,49.062607,7771200
2021-09-21,49.799999,50.310001,48.810001,49.150002,48.637096,7660400
2021-09-22,49.369999,51.23,49.369999,50.650002,50.121441,9763600
2021-09-23,51.23,52.790001,51.049999,52.32,51.774014,10282400
2021-09-24,52.400002,53.200001,52.23,52.849998,52.298481,7030200
2021-09-27,53.5,54.400002,52.84,52.959999,52.407333,8380100
2021-09-28,52.91,53.619999,52.57,53.049999,52.496395,6898900
2021-09-29,53.200001,53.369999,52.41,52.540001,51.991718,4848800
2021-09-30,52.200001,52.25,50.880001,51.43,50.893303,6404600
2021-10-01,53.77,54.709999,52.709999,54.349998,53.782825,12554000
2021-10-04,55.720001,56.330002,54.799999,55.060001,54.48542,11905900
2021-10-05,54.939999,55.490002,54.380001,54.470001,53.901581,5505200
2021-10-06,53.57,54.5,52.919998,54.450001,53.881786,6351600
2021-10-07,54.889999,54.98,54.009998,54.040001,53.476067,5066200
2021-10-08,54.290001,54.369999,53.52,53.919998,53.357315,3220100
2021-10-11,51.990002,53.330002,51.599998,51.669998,51.130795,15630900
2021-10-12,51.73,52.459999,51.369999,52.18,51.635475,8399400
2021-10-13,51.869999,51.889999,50.66,51.25,50.715179,8532100
2021-10-14,51.650002,52.09,51.400002,51.509998,50.972466,6090900
2021-10-15,52.240002,52.490002,50.299999,50.360001,49.834469,7598000
2021-10-18,50.009998,50.669998,49.650002,49.77,49.250626,6134200
2021-10-19,49.59,49.830002,49.209999,49.380001,48.864693,6543600
2021-10-20,49.060001,49.970001,48.860001,49.470001,48.953754,6995800
2021-10-21,49.299999,49.41,48.419998,48.66,48.15221,10788300
2021-10-22,48.150002,48.459999,47.419998,47.630001,47.132957,7623200
2021-10-25,47.490002,47.880001,47.209999,47.48,46.98452,5916300
2021-10-26,48,48.150002,47.32,47.59,47.093372,6975000
2021-10-27,47.599998,47.669998,46.509998,46.57,46.084019,6391500
2021-10-28,46.529999,47.43,46.439999,47.240002,46.747028,6011800
2021-10-29,47.02,47.419998,46.759998,47.279999,46.786606,6079600
2021-11-01,47.34,49.130001,47.060001,49.130001,48.617306,8375000
2021-11-02,49.169998,49.380001,48.610001,48.91,48.399597,6211600
2021-11-03,48.919998,49.849998,48.59,49.459999,48.943859,5590600
2021-11-04,49.639999,49.84,48.709999,49.07,48.557926,6709000
2021-11-05,50.98,52.549999,50.919998,52.23,51.684952,13022700
2021-11-08,52.5,52.790001,51.200001,51.369999,50.833927,8151300
2021-11-09,51.150002,51.41,50.27,50.91,50.378727,8148500
2021-11-10,50.240002,50.84,49.34,49.689999,49.171455,6815300
2021-11-11,49.720001,49.98,49.07,49.080002,48.567825,5117500
2021-11-12,49.07,49.07,47.830002,48.419998,47.914711,6455100
2021-11-15,49.060001,49.380001,48.630001,49.130001,48.617306,4400600
2021-11-16,48.459999,48.57,47.5,47.599998,47.103268,8331100
2021-11-17,47.41,47.610001,46.889999,47.400002,46.905361,6664900
2021-11-18,47.389999,47.419998,46.029999,46.369999,45.886105,7392700
2021-11-19,46.18,46.990002,45.380001,46.830002,46.341305,9870900
2021-11-22,47.09,48.029999,46.970001,47.720001,47.222019,8300100
2021-11-23,48.110001,48.310001,46.919998,46.98,46.489738,6264400
2021-11-24,46.5,47.110001,46.299999,46.990002,46.499638,4977600
2021-11-26,44.799999,45.48,43.810001,44.959999,44.490818,11570900
2021-11-29,45.740002,45.91,44.209999,44.540001,44.075203,9893600
2021-11-30,43.950001,44.779999,43.16,44.400002,43.936665,12149100
2021-12-01,44.990002,45.540001,42.389999,42.549999,42.105968,14225800
2021-12-02,43.200001,45.560001,42.84,45.34,44.866852,12908200
2021-12-03,45.060001,45.599998,43.639999,44.279999,43.817913,8508200
2021-12-06,44.990002,46.959999,44.990002,45.560001,45.08456,13262600
2021-12-07,46.23,46.75,44.849998,45.209999,44.738209,11351700
2021-12-08,44.560001,46.27,44.560001,45.27,44.797585,12788200
2021-12-09,44.099998,44.369999,43.369999,43.610001,43.154907,15789200
2021-12-10,42.48,42.91,41.560001,41.970001,41.532021,17075600
2021-12-13,41.470001,41.73,40.049999,40.48,40.057571,12916500
2021-12-14,40.349998,41.220001,40.080002,40.240002,39.820076,9601200
2021-12-15,40.009998,40.349998,39.330002,40.110001,39.691429,13099000
2021-12-16,40.740002,40.75,39.400002,39.529999,39.117481,13408000
2021-12-17,39.48,40.490002,39.080002,39.66,39.246128,15175600
2021-12-20,38.91,39.959999,38.66,39.360001,38.949257,12253100
2021-12-21,39.720001,41.41,39.639999,40.869999,40.443501,12569900
2021-12-22,40.849998,41.599998,40.459999,41.119999,40.690891,8616000
2021-12-23,41.779999,41.970001,41.200001,41.869999,41.433064,6587800
2021-12-27,41.029999,41.91,40.68,41.759998,41.324211,6929200
2021-12-28,41.610001,42.779999,41.419998,42.290001,41.848682,6561000
2021-12-29,42.23,42.560001,41.799999,42.16,41.720039,6724000
2021-12-30,41.990002,43.189999,41.849998,42.720001,42.274197,7673900
2021-12-31,42.610001,43.16,42.610001,42.84,42.392941,5932100
2022-01-03,43.169998,44.259998,42.509998,44,43.540836,10571400
2022-01-04,44.709999,45.540001,44.48,44.66,44.193951,11207000
2022-01-05,44.950001,45.200001,43.799999,43.990002,43.530941,9702000
2022-01-06,44.48,44.68,43.07,43.889999,43.431984,6750700
2022-01-07,44.189999,45.68,44.110001,45.349998,44.876747,7479100
2022-01-10,45.619999,45.709999,44.290001,45.240002,44.767899,7710800
2022-01-11,45.349998,46.25,45.290001,45.830002,45.351742,6813200
2022-01-12,45.540001,45.93,44.720001,45.209999,44.738209,7831000
2022-01-13,45.32,46.490002,45.240002,45.790001,45.312157,8185900
2022-01-14,45.560001,45.91,44.970001,45.82,45.341846,6241100
2022-01-18,45.5,46.200001,45.16,45.43,44.955914,6734000
2022-01-19,45.380001,45.689999,44.400002,44.43,43.966347,5475300
2022-01-20,44.759998,45.75,44.259998,44.34,43.877293,7172700
2022-01-21,44.25,44.389999,43.16,43.369999,42.917408,7899700
2022-01-24,42.380001,43.950001,41.880001,43.869999,43.412193,11296800
2022-01-25,43.400002,44.16,42.880001,43.849998,43.392403,6803400
2022-01-26,44.400002,45.349998,43.349998,43.709999,43.253864,10785800
2022-01-27,43.290001,44.580002,42.450001,42.82,42.37315,8960900
2022-01-28,42.790001,42.959999,40.630001,42.93,42.482002,10975900
2022-01-31,42.509998,44.830002,42.279999,44.759998,44.292908,8199900
2022-02-01,45,45.830002,44.860001,45.18,44.708523,6593200
2022-02-02,44.650002,44.970001,43.57,44.290001,43.827812,7955500
2022-02-03,44.119999,44.43,43.330002,43.439999,42.986679,5512200
2022-02-04,43.150002,43.950001,42.759998,43.66,43.204384,5073900
2022-02-07,44.470001,45.110001,43.93,44.599998,44.134575,7478500
2022-02-08,45,46.16,44.75,46.07,45.589237,9563800
2022-02-09,46.509998,47.740002,46.400002,47.02,46.529324,9549800
2022-02-10,46.68,47.470001,46.369999,46.529999,46.044434,7231600
2022-02-11,46.59,47.009998,44.720001,45.529999,45.054871,8422200
2022-02-14,45.669998,46.369999,44.91,45.380001,44.906437,6002300
2022-02-15,46.5,47.470001,46.360001,47.299999,46.8064,6872100
2022-02-16,46.889999,47.639999,46.73,47.419998,46.925148,5773200
2022-02-17,47,47.189999,46.009998,46.380001,45.896004,5538300
2022-02-18,46.25,46.93,45.799999,45.98,45.500175,5037800
2022-02-22,45.389999,46.25,45.060001,45.619999,45.143932,7196600
2022-02-23,46.080002,46.220001,43.959999,44.009998,43.550728,7070800
2022-02-24,41.52,44.52,41.200001,44.34,43.877293,10439300
2022-02-25,44.82,45.650002,44.610001,45.139999,44.668938,6627700
2022-02-28,44.349998,44.84,43.299999,43.799999,43.342922,10361100
2022-03-01,43.400002,43.560001,41.279999,41.950001,41.51223,11235300
2022-03-02,42.5,43.060001,41.959999,42.32,41.878368,8702600
2022-03-03,43.200001,43.369999,41.41,41.669998,41.235149,10376000
2022-03-04,40.84,41.169998,40.07,40.68,40.255486,8594700
2022-03-07,40.389999,40.689999,36.75,37.189999,36.801903,17624500
2022-03-08,37.709999,40.759998,36.849998,39.16,38.751343,15028100
2022-03-09,40.849998,41.400002,40.029999,40.66,40.235691,12104700
2022-03-10,40,41.490002,39.66,41.029999,40.60183,9483400
2022-03-11,41.799999,41.889999,40.099998,40.240002,39.820076,8790500
2022-03-14,40.59,41.110001,39.209999,40.099998,39.681534,7576000
2022-03-15,42,43.360001,41.209999,42.060001,41.621082,11080800
2022-03-16,42.849998,43.27,41.830002,43.119999,42.670021,12849000
2022-03-17,42.040001,42.799999,41.790001,42.779999,42.333569,9449600
2022-03-18,42.639999,43.490002,42.240002,43.240002,42.788769,7862300
2022-03-21,42.5,43.16,42.259998,42.779999,42.333569,6251200
2022-03-22,43,43.59,42.630001,43.060001,42.610645,5393600
2022-03-23,42.720001,43.360001,42.66,42.869999,42.42263,4301900
2022-03-24,42.970001,44,42.610001,43.919998,43.46167,4528800
2022-03-25,44.040001,44.720001,43.93,44.380001,43.916874,4416300
2022-03-28,44.650002,44.93,43.889999,44.419998,43.956451,4071400
2022-03-29,45.529999,46.189999,45.060001,45.330002,44.85696,6100100
2022-03-30,44.959999,45.689999,44.77,45.57,45.094452,4687200
2022-03-31,45.689999,46.389999,45.599998,45.799999,45.322052,5033300
2022-04-01,45.919998,46.259998,45.470001,45.91,45.430904,6013000
2022-04-04,45.849998,46.099998,44.990002,45.93,45.450699,4092400
2022-04-05,46.009998,46.23,44.610001,45.209999,44.738209,6874500
2022-04-06,44.279999,44.400002,42.610001,43.73,43.273655,7428900
2022-04-07,43.389999,43.450001,41.279999,42.389999,41.947636,10010200
2022-04-08,42.34,42.43,41.18,41.240002,40.809639,7704000
2022-04-11,41.130001,42.959999,41.040001,42.619999,42.175236,5991600
2022-04-12,42.900002,42.959999,42.169998,42.82,42.37315,5368200
2022-04-13,44.439999,46.07,44.119999,46.049999,45.569443,11063300
2022-04-14,46.439999,47.16,46.27,46.759998,46.27203,7226100
2022-04-18,46.450001,46.869999,46.040001,46.259998,45.777252,4808200
2022-04-19,46.619999,47.700001,46.619999,47.349998,46.855877,6060900
2022-04-20,47.57,48.07,47.16,47.330002,46.83609,5877500
2022-04-21,48.93,50.099998,48.220001,48.380001,47.87513,11926000
2022-04-22,48.389999,48.900002,46.810001,46.849998,46.361092,6508300
2022-04-25,46.310001,46.52,45.259998,46.43,45.945477,7064300
2022-04-26,46.060001,46.349998,44.75,45.02,44.550194,5280400
2022-04-27,45.040001,46.209999,44.540001,45.939999,45.46059,6407800
2022-04-28,47.549999,47.549999,46.07,46.900002,46.410576,8729000
2022-04-29,47.139999,48.130001,46.57,46.720001,46.232452,5954200
2022-05-02,46.400002,47.060001,45.259998,46.529999,46.044434,6499800
2022-05-03,46.919998,47.48,46.040001,47.25,46.75692,5384100
2022-05-04,46.900002,48.18,46.349998,48.07,47.568363,4917800
2022-05-05,47.259998,48,46.560001,47,46.509533,4652300
2022-05-06,46.799999,46.799999,45.369999,46.119999,45.63871,4112500
2022-05-09,45.439999,45.73,43.450001,43.830002,43.372616,6505500
2022-05-10,44.349998,45.419998,43.68,44.59,44.12468,6243700
2022-05-11,44.419998,45.52,42.919998,43.009998,42.561169,5743400
2022-05-12,42.41,43.490002,41.43,42.330002,41.888264,6552900
2022-05-13,43.029999,43.32,42.549999,42.990002,42.541378,5144500
2022-05-16,42.689999,43.700001,42.599998,43.18,42.729397,4578200
2022-05-17,44.459999,45.16,44.049999,45.110001,44.639256,4051100
2022-05-18,44.52,45.349998,44.02,44.23,43.768436,4581200
2022-05-19,43.66,44.490002,43.380001,43.57,43.115322,4295200
2022-05-20,44.299999,44.400002,41.650002,42.650002,42.204926,4517800
2022-05-23,43.200001,43.709999,42.560001,43.380001,42.927307,3287500
2022-05-24,42.610001,42.790001,41.549999,41.73,41.294525,3898700
2022-05-25,41.720001,42.549999,41.369999,42.450001,42.007015,3903700
2022-05-26,43.419998,45.439999,43.18,45,44.530403,5327400
2022-05-27,45.360001,46.119999,45.259998,45.799999,45.322052,3279900
2022-05-31,44.91,46.279999,44.75,45.860001,45.381428,5234000
2022-06-01,46.400002,46.459999,43.98,44.150002,43.689274,4725000
2022-06-02,44.130001,44.59,43.599998,44.57,44.104889,4494400
2022-06-03,43.869999,44.150002,43.060001,43.84,43.382507,3647500
2022-06-06,44.540001,44.84,43.849998,44.419998,43.956451,3354700
2022-06-07,43.900002,44.91,43.689999,44.880001,44.411655,2707500
2022-06-08,43.950001,44.639999,43.220001,43.369999,42.917408,4160200
2022-06-09,43.200001,43.34,42.02,42.040001,41.601292,4665400
2022-06-10,41.419998,42.09,39.93,40.139999,39.721119,8413000
2022-06-13,39,39.259998,37.419998,37.619999,37.227417,7051500
2022-06-14,37.950001,38.220001,36.459999,37.220001,36.831593,8193900
2022-06-15,37.669998,38.130001,36.709999,37.23,36.841484,7937600
2022-06-16,36.130001,36.299999,34.709999,34.98,34.614967,8811600
2022-06-17,35.130001,35.869999,34.360001,35.630001,35.258183,8812300
2022-06-21,36,36.34,35.189999,35.32,34.951416,8449800
2022-06-22,35.32,35.98,34.860001,35.689999,35.317554,6702000
2022-06-23,36.02,36.259998,34.900002,35.939999,35.564945,6503300
2022-06-24,36.02,37.84,35.919998,37.73,37.336269,6657700
2022-06-27,37.830002,37.860001,36.799999,36.990002,36.603992,4198200
2022-06-28,37.450001,38.400002,36.549999,36.650002,36.26754,5945600
2022-06-29,36.369999,36.509998,35.82,36.18,35.802444,4330200
2022-06-30,35.290001,36.32,34.880001,36.119999,35.743069,6157000
2022-07-01,36.09,36.93,35.849998,36.73,36.346703,4375600
2022-07-05,35.720001,36.549999,35.060001,36.509998,36.128998,6514100
2022-07-06,36.169998,36.91,35.799999,36.310001,35.931087,5000400
2022-07-07,36.709999,37.099998,36.34,36.720001,36.336807,4127200
2022-07-08,36.709999,37.080002,36.27,36.700001,36.317017,3820000
2022-07-11,36.419998,37.029999,36.220001,36.830002,36.44566,5360700
2022-07-12,37.400002,39.080002,37.310001,38.540001,38.137817,8130800
2022-07-13,37.279999,38.869999,37.029999,38.799999,38.3951,10121900
2022-07-14,38.310001,39.290001,38.099998,38.459999,38.058651,5987800
2022-07-15,39.049999,39.720001,38.369999,39.580002,39.166962,5121500
2022-07-18,40.150002,40.919998,39.75,39.950001,39.533104,5433800
2022-07-19,40.52,41.639999,40.52,41.490002,41.05703,5068900
2022-07-20,41.439999,41.759998,40.830002,41.5,41.066929,5162000
2022-07-21,40.59,40.919998,40.099998,40.889999,40.463291,7632700
2022-07-22,41.16,41.259998,40.220001,40.240002,39.820076,5456900
2022-07-25,40.27,40.669998,39.66,40.619999,40.196106,4511000
2022-07-26,40.200001,40.369999,39.490002,39.599998,39.186752,5087000
2022-07-27,40.75,41.07,40.02,40.77,40.344547,6018900
2022-07-28,38.380001,38.77,36.959999,38.150002,37.751888,16592800
2022-07-29,37.73,38.419998,37.610001,38.119999,37.722198,7902100
2022-08-01,38,38.490002,37.34,38.310001,37.910213,5595500
2022-08-02,37.950001,38.41,37.560001,37.619999,37.227417,5486700
2022-08-03,37.759998,39.18,37.68,39,38.593014,6452500
2022-08-04,39.18,39.48,38.68,38.790001,38.385208,4965000
2022-08-05,38.369999,39,38.330002,38.810001,38.404999,4604400
2022-08-08,38.93,39.66,38.93,39.080002,38.672184,5405300
2022-08-09,38.75,39.130001,38.029999,38.34,37.939903,3032000
2022-08-10,39.150002,39.66,38.98,39.279999,38.870094,3363200
2022-08-11,39.849998,40.049999,38.880001,38.970001,38.563332,5047900
2022-08-12,39.5,39.57,38.919998,39.459999,39.048214,3207300
2022-08-15,39.32,40.389999,39.23,39.639999,39.226334,4722600
2022-08-16,39.599998,40.200001,39.349998,39.869999,39.453934,4716900
2022-08-17,39.27,39.66,38.360001,38.939999,38.533638,5492600
2022-08-18,38.970001,39.049999,38.419998,38.98,38.573223,2981300
2022-08-19,38.48,38.610001,37.630001,37.880001,37.484703,4382700
2022-08-22,37.25,37.490002,36.93,37.470001,37.078979,5254300
2022-08-23,37.599998,37.959999,37.349998,37.470001,37.078979,4717000
2022-08-24,37.599998,38.080002,37.43,37.799999,37.405537,6097300
2022-08-25,38.080002,38.860001,37.959999,38.549999,38.147713,3446400
2022-08-26,38.529999,38.740002,37.419998,37.529999,37.138355,3998300
2022-08-29,37,37.700001,36.950001,37.43,37.039398,4072000
2022-08-30,37.700001,37.869999,36.990002,37.200001,36.811802,4248700
2022-08-31,37.450001,37.68,36.68,36.700001,36.317017,4097900
2022-09-01,36.32,36.639999,35.84,36.630001,36.247746,3932300
2022-09-02,37.09,37.509998,36.509998,36.740002,36.356598,3791300
2022-09-06,37.09,37.349998,36.299999,36.740002,36.356598,4481800
2022-09-07,36.77,37.869999,36.77,37.790001,37.395641,5394700
2022-09-08,37.299999,37.779999,36.970001,37.66,37.266998,5087700
2022-09-09,37.84,38.459999,37.77,38.369999,37.969589,5733100
2022-09-12,38.73,39.139999,38.59,38.77,38.365417,6078000
2022-09-13,37.880001,38.119999,37.259998,37.490002,37.098774,4348500
2022-09-14,37.310001,38.07,36.66,38.029999,37.633137,4203700
2022-09-15,37.77,37.82,36.880001,36.900002,36.514931,9367100
2022-09-16,36.41,36.419998,34.66,34.73,34.367573,12677800
2022-09-19,34.669998,36.060001,34.610001,35.880001,35.505573,7935300
2022-09-20,35.57,35.619999,34.720001,35.09,34.72382,4953900
2022-09-21,34.549999,35.27,34.119999,34.119999,33.763939,6164900
2022-09-22,34,34.07,32.759998,33,32.655628,6564500
2022-09-23,32.400002,32.599998,31.57,32.049999,31.71554,7767500
2022-09-26,31.780001,32.330002,31.299999,31.370001,31.042639,6957700
2022-09-27,31.860001,32.060001,31.209999,31.5,31.171282,6169600
2022-09-28,31.51,32.549999,31.450001,32.43,32.091579,6910300
2022-09-29,31.93,32.080002,31.4,31.639999,31.309818,5638400
2022-09-30,31.35,31.610001,30.790001,30.84,30.518169,6907600
2022-10-03,30.84,31.370001,30.200001,31.219999,30.894201,5734600
2022-10-04,32.049999,33.32,32.049999,33.189999,32.843643,7459700
2022-10-05,32.490002,33.279999,32.310001,32.990002,32.645733,4884300
2022-10-06,32.919998,33.220001,32.400002,32.540001,32.200432,4264300
2022-10-07,32.259998,32.419998,31.42,31.870001,31.537422,4428800
2022-10-10,31.85,32.290001,31.629999,31.66,31.329613,4906600
2022-10-11,32.41,32.68,30.92,31.41,31.08222,5624600
2022-10-12,31.16,31.780001,31.01,31.59,31.260342,4365500
2022-10-13,31.09,32.799999,30.65,32.43,32.091579,6616000
2022-10-14,32.959999,33.310001,32.290001,32.759998,32.418133,5843000
2022-10-17,33.59,33.619999,32.389999,32.720001,32.378551,4665700
2022-10-18,33.380001,33.619999,32.98,33.310001,32.962395,4766200
2022-10-19,33.98,34.23,32.759998,33.119999,32.774372,8804100
2022-10-20,33.439999,33.689999,32.790001,32.810001,32.467609,4843600
2022-10-21,32.650002,33.419998,32.380001,33.099998,32.754581,5450600
2022-10-24,33.279999,33.82,32.970001,33.720001,33.368114,5841100
2022-10-25,33.549999,34.790001,33.369999,34.619999,34.25872,7783900
2022-10-26,34.599998,35.330002,34.310001,34.369999,34.01133,9204500
2022-10-27,35.32,36.09,34.950001,35.290001,34.921734,10819500
2022-10-28,35.580002,36.330002,34.970001,36.23,35.851921,7855100
2022-10-31,36.200001,36.560001,35.709999,36.349998,35.970669,6316700
2022-11-01,36.84,37.09,36.549999,36.939999,36.554508,5401700
2022-11-02,36.700001,37.59,36.490002,36.5,36.119102,7322300
2022-11-03,35.959999,37.25,35.48,36.959999,36.574303,5130500
2022-11-04,37.709999,38,36.810001,37.080002,36.693054,4658300
2022-11-07,37.310001,37.700001,36.790001,37.400002,37.009712,5061200
2022-11-08,37.41,37.630001,37.029999,37.439999,37.049294,4413300
2022-11-09,37.09,37.759998,36.919998,37.200001,36.811802,3366200
2022-11-10,38.400002,39.200001,37.830002,38.82,38.41489,5576700
2022-11-11,39.080002,39.259998,38.310001,38.360001,37.959694,8221900
2022-11-14,38.080002,38.310001,37.740002,37.75,37.35606,8240200
2022-11-15,38.279999,38.970001,38.07,38.639999,38.236771,7344400
2022-11-16,38.360001,38.400002,37.779999,37.990002,37.593555,4646400
2022-11-17,37.400002,37.709999,37.299999,37.630001,37.237312,3734000
2022-11-18,38.27,38.66,37.709999,38.110001,37.712299,3166700
2022-11-21,38.060001,38.43,37.669998,37.75,37.35606,3017500
2022-11-22,37.82,38.240002,37.389999,38.169998,37.771675,3034900
2022-11-23,38.27,38.939999,38.139999,38.630001,38.226875,4029000
2022-11-25,38.599998,39.580002,38.57,39.220001,38.810719,2326000
2022-11-28,38.959999,39.139999,38.470001,38.57,38.167503,4533400
2022-11-29,38.630001,39.380001,38.630001,39.25,38.840405,4628800
2022-11-30,39.279999,39.939999,38.82,39.91,39.493519,4794100
2022-12-01,40,40.200001,39.709999,40.080002,39.661747,5185200
2022-12-02,39.639999,39.91,39.41,39.75,39.33519,5312600
2022-12-05,39.52,40.380001,39.150002,39.5,39.087799,5466000
2022-12-06,39.700001,39.849998,39.34,39.68,39.265919,4239700
2022-12-07,39.360001,39.360001,37.389999,37.810001,37.415436,8706800
2022-12-08,38.16,38.630001,37.32,37.490002,37.098774,6637300
2022-12-09,37.259998,38.09,37.150002,38.009998,37.613342,5678000
2022-12-12,37.919998,38.990002,37.77,38.939999,38.533638,4820200
2022-12-13,39.799999,39.900002,37.189999,37.77,37.375851,6578700
2022-12-14,38.099998,38.459999,37.669998,38.139999,37.741989,5602100
2022-12-15,37.779999,37.990002,36.990002,37.290001,36.90086,5810700
2022-12-16,37.02,37.599998,36.75,37.279999,36.890965,8886200
2022-12-19,37.380001,37.59,36.34,36.349998,35.970669,4014800
2022-12-20,36.23,36.75,36.130001,36.389999,36.01025,3337700
2022-12-21,36.66,37.049999,36.549999,36.599998,36.21806,3683300
2022-12-22,36.57,36.639999,35.09,35.459999,35.089954,5571100
2022-12-23,35.360001,36.099998,35.18,36.09,35.713383,3337700
2022-12-27,34.610001,34.880001,33.650002,33.939999,33.585819,15174100
2022-12-28,33.459999,33.59,32.189999,32.189999,31.854078,17673500
2022-12-29,32.349998,33.57,32.209999,33.380001,33.031666,11811600
2022-12-30,33.150002,33.869999,33.110001,33.669998,33.318634,8942300
2023-01-03,33.82,34.07,32.099998,32.599998,32.2598,11467600
2023-01-04,32.75,34.029999,32.700001,33.619999,33.269157,8497300
2023-01-05,33.25,33.84,33.25,33.529999,33.180096,5208000
2023-01-06,33,35.130001,32.830002,35.080002,34.713924,10662800
2023-01-09,35.110001,35.93,34.919998,35.610001,35.420135,7866300
2023-01-10,35.490002,36.240002,35.209999,36.209999,36.016937,5432900
2023-01-11,35.610001,36.419998,35.450001,35.970001,35.778217,8963700
2023-01-12,36.5,37.02,36.110001,36.970001,36.772884,8037300
2023-01-13,36.029999,37.02,35.900002,36.990002,36.792782,5585800
2023-01-17,36.990002,37.099998,36.439999,37.040001,36.842514,6791000
2023-01-18,37.630001,37.709999,35.799999,36.299999,36.106457,9224300
2023-01-19,36,36.68,35.73,36.450001,36.255657,5490200
2023-01-20,36.82,37.110001,36.450001,37.060001,36.862408,5762900
2023-01-23,37.139999,37.200001,36.529999,36.689999,36.494377,6098600
2023-01-24,36.490002,36.98,36.419998,36.68,36.484432,3900300
2023-01-25,36.419998,36.900002,36.259998,36.869999,36.673416,6402600
2023-01-26,36,36.349998,34.82,35.700001,35.509659,16712000
2023-01-27,35.48,36.400002,35.450001,36.240002,36.04678,8196500
2023-01-30,36,36.889999,35.439999,35.470001,35.280884,6983000
2023-01-31,35.59,36.07,35.490002,35.77,35.579285,5602200
2023-02-01,35.5,36.130001,35.150002,35.630001,35.440029,9279100
2023-02-02,35.700001,37.310001,35.529999,36.82,36.623684,9675900
2023-02-03,36.389999,36.779999,36.290001,36.349998,36.156189,4831100
2023-02-06,36,36.349998,35.84,36.02,35.82795,4388700
2023-02-07,35.900002,36.400002,35.57,36.189999,35.997044,5404900
2023-02-08,35.93,36.09,35.290001,35.299999,35.11179,5489000
2023-02-09,35.490002,35.84,34.830002,34.849998,34.664188,5911400
2023-02-10,34.5,34.740002,34.130001,34.57,34.385681,4808700
2023-02-13,34.57,35.200001,34.48,35.07,34.883015,3686000
2023-02-14,35.080002,35.66,34.77,35.509998,35.320667,5334900
2023-02-15,35.150002,35.849998,35.049999,35.720001,35.529552,5124600
2023-02-16,35.400002,35.490002,34.880001,35.41,35.221203,5566900
2023-02-17,35.330002,35.48,34.990002,35.360001,35.171471,4250800
2023-02-21,34.830002,34.970001,33.599998,33.759998,33.579998,6613300
2023-02-22,33.68,34,33.349998,33.599998,33.420853,5611200
2023-02-23,33.779999,33.919998,33.380001,33.639999,33.46064,6215100
2023-02-24,33.150002,33.610001,33.029999,33.57,33.391014,5343000
2023-02-27,34,34.119999,33.490002,33.540001,33.361176,4815300
2023-02-28,33.580002,33.970001,33.34,33.580002,33.400963,5244400
2023-03-01,33.549999,33.84,33.439999,33.650002,33.470589,3639500
2023-03-02,33.400002,33.93,33.330002,33.919998,33.739143,3936700
2023-03-03,34.200001,34.459999,33.900002,34.18,33.997761,3871900
2023-03-06,34.279999,34.48,33.599998,33.759998,33.579998,5682200
2023-03-07,33.650002,34.099998,33.299999,33.369999,33.369999,7739300
2023-03-08,33.450001,33.919998,33.389999,33.900002,33.900002,5850400
2023-03-09,33.889999,34.380001,32.810001,33.080002,33.080002,8594100
2023-03-10,32.849998,33.029999,32.02,32.77,32.77,13423400
2023-03-13,32.150002,32.32,30.98,31.059999,31.059999,12036000
2023-03-14,31.59,31.9,30.120001,30.530001,30.530001,15141200
2023-03-15,29.93,30.299999,29.41,29.73,29.73,12768800
2023-03-16,29.57,30.59,29.43,30.48,30.48,9480400
2023-03-17,30.219999,30.4,29.73,30.030001,30.030001,7742700
2023-03-20,30,30.379999,29.85,30.08,30.08,5734100
2023-03-21,30.540001,31.17,30.370001,31.040001,31.040001,6676800
2023-03-22,31.139999,31.34,30.07,30.08,30.08,5687100
2023-03-23,30.34,30.5,29.299999,29.620001,29.620001,4993300
2023-03-24,29.290001,29.690001,28.950001,29.629999,29.629999,6308100
2023-03-27,30.110001,30.370001,29.809999,30.15,30.15,5115900
2023-03-28,30.15,30.709999,30.139999,30.629999,30.629999,4056300
2023-03-29,31,31.450001,30.870001,31.440001,31.440001,4730900
2023-03-30,31.799999,32.169998,31.74,31.82,31.82,5097100
2023-03-31,32.169998,32.57,32.07,32.540001,32.540001,5193400
2023-04-03,32.07,32.330002,31.639999,31.690001,31.690001,6081300
2023-04-04,31.959999,32.029999,31.299999,31.719999,31.719999,4715500
2023-04-05,31.4,31.610001,31.1,31.58,31.58,4196400
2023-04-06,31.77,31.84,31.360001,31.59,31.59,2979700
2023-04-10,31.459999,32.189999,31.389999,32.169998,32.169998,4487400
2023-04-11,32.25,32.939999,32.060001,32.709999,32.709999,6179500
2023-04-12,32.5,32.59,31.309999,32.240002,32.240002,12377200
2023-04-13,32.66,32.68,31.700001,32.209999,32.209999,8621400
2023-04-14,32.290001,32.400002,31.48,31.67,31.67,6606200
2023-04-17,31.82,32.369999,31.68,32.310001,32.310001,4447600
2023-04-18,32.599998,32.66,31.049999,32.060001,32.060001,21631400
2023-04-19,31.860001,32.639999,31.780001,32.450001,32.450001,6395200
2023-04-20,32.27,32.669998,32.07,32.209999,32.209999,5003100
2023-04-21,32.32,32.459999,31.91,32.150002,32.150002,4329500
2023-04-24,32.259998,32.470001,31.709999,32.16,32.16,4586500
2023-04-25,31.83,32,31.110001,31.290001,31.290001,4956000
2023-04-26,31.17,31.74,30.870001,30.9,30.9,6638100
2023-04-27,29.5,30.040001,28.809999,29.879999,29.879999,23081000
2023-04-28,29.879999,30.51,29.610001,30.290001,30.290001,10928500
2023-05-01,30.290001,30.68,30.09,30.59,30.59,7183300
2023-05-02,30.549999,30.59,29.610001,29.959999,29.959999,6812100
2023-05-03,30.08,31.16,29.950001,30.790001,30.790001,8755300
2023-05-04,30.629999,30.74,29.27,29.290001,29.290001,8760200
2023-05-05,29.620001,29.889999,29.610001,29.66,29.66,5802100
2023-05-08,29.5,29.879999,29.450001,29.59,29.59,6960100
2023-05-09,29.48,29.74,29.209999,29.629999,29.629999,4653900
2023-05-10,30,30,28.77,29.24,29.24,7088200
2023-05-11,29.049999,29.120001,28.780001,28.969999,28.969999,5568900
2023-05-12,29.09,29.120001,28.4,28.629999,28.629999,5090900
2023-05-15,28.58,29.110001,28.49,29.049999,29.049999,5574500
2023-05-16,28.84,29.16,28.530001,28.540001,28.540001,5016900
2023-05-17,28.84,30.01,28.709999,29.879999,29.879999,8269400
2023-05-18,29.719999,30.059999,29.43,29.959999,29.959999,7223200
2023-05-19,30,30.059999,29.42,29.48,29.48,4714400
2023-05-22,29.780001,29.780001,29.1,29.32,29.32,4655900
2023-05-23,29.41,30.17,29.34,29.48,29.48,5819400
2023-05-24,29.34,29.42,28.809999,28.940001,28.940001,6072400
2023-05-25,28.92,29.42,28.879999,29.24,29.24,5832700
2023-05-26,29.25,29.860001,29.25,29.65,29.65,4414400
2023-05-30,29.84,30.24,29.639999,29.799999,29.799999,5567600
2023-05-31,30.1,30.139999,29.65,29.870001,29.870001,7024100
2023-06-01,30.09,30.09,29.08,29.110001,29.110001,8699100
2023-06-02,29.41,30.65,29.33,30.07,30.07,9543000
2023-06-05,30.26,30.26,29.9,30,30,4999500
2023-06-06,29.77,30.459999,29.690001,30.389999,30.389999,4460900
2023-06-07,30.620001,30.82,30.41,30.790001,30.790001,5085500
2023-06-08,30.77,30.908501,30.4123,30.8375,30.8375,2743620
